Timestamp,Prediction
1727672214.1257331,NormalSleep
1727672224.139544,NormalSleep
1727672234.147798,NormalSleep
1727672244.154957,NormalSleep
1727672254.163131,NormalSleep
1727672264.17088,Snore
1727672274.177731,NormalSleep
1727672284.1857972,NormalSleep
1727672294.193876,NormalSleep
1727672304.200536,NormalSleep
1727672314.208429,NormalSleep
1727672324.216279,NormalSleep
1727672334.223009,ObstructiveApnea
1727672344.230748,NormalSleep
1727672354.238425,NormalSleep
1727672364.2461162,NormalSleep
1727672374.254302,NormalSleep
1727672384.26208,NormalSleep
1727672394.270567,NormalSleep
1727672404.277614,NormalSleep
1727672414.2859688,NormalSleep
1727672424.294642,NormalSleep
1727672434.301863,NormalSleep
1727672444.3096588,NormalSleep
1727672454.318652,NormalSleep
1727672464.325578,NormalSleep
1727672474.333308,NormalSleep
1727672484.341078,NormalSleep
1727672494.347828,NormalSleep
1727672504.356983,NormalSleep
1727672514.364896,NormalSleep
1727672524.3737779,NormalSleep
1727672534.381035,NormalSleep
1727672544.390058,NormalSleep
1727672554.396713,NormalSleep
1727672564.4046988,NormalSleep
1727672574.4116359,NormalSleep
1727672584.4203498,NormalSleep
1727672594.427597,ObstructiveApnea
1727672604.4355772,ObstructiveApnea
1727672614.4424808,NormalSleep
1727672624.448986,NormalSleep
1727672634.4563332,NormalSleep
1727672644.463403,ObstructiveApnea
1727672654.470773,NormalSleep
1727672664.477772,ObstructiveApnea
1727672674.4857972,NormalSleep
1727672684.492529,NormalSleep
1727672694.5002198,NormalSleep
1727672704.506971,NormalSleep
1727672714.517838,NormalSleep
1727672724.533097,NormalSleep
1727672734.542496,ObstructiveApnea
1727672744.552665,ObstructiveApnea
1727672754.563956,NormalSleep
1727672764.5759768,NormalSleep
1727672774.5841222,NormalSleep
1727672784.595853,NormalSleep
1727672794.60513,NormalSleep
1727672804.6124108,NormalSleep
1727672814.6202052,NormalSleep
1727672824.627255,ObstructiveApnea
1727672834.635125,NormalSleep
1727672844.641802,NormalSleep
1727672854.650101,NormalSleep
1727672864.656671,NormalSleep
1727672874.664447,ObstructiveApnea
1727672884.672802,NormalSleep
1727672894.681067,NormalSleep
1727672904.688821,NormalSleep
1727672914.7008052,NormalSleep
1727672924.7940328,NormalSleep
1727672934.8418071,NormalSleep
1727672944.856291,ObstructiveApnea
1727672954.8640661,NormalSleep
1727672964.872853,NormalSleep
1727672974.879669,NormalSleep
1727672984.888305,NormalSleep
1727672994.8949819,NormalSleep
1727673004.9029162,NormalSleep
1727673014.9095411,NormalSleep
1727673024.9171321,NormalSleep
1727673034.9237068,NormalSleep
1727673044.930227,NormalSleep
1727673054.9384,NormalSleep
1727673064.945367,NormalSleep
1727673074.9534159,NormalSleep
1727673084.961271,NormalSleep
1727673094.968385,NormalSleep
1727673104.9762208,NormalSleep
1727673114.9827871,NormalSleep
1727673124.989602,NormalSleep
1727673134.9963799,NormalSleep
1727673145.00444,NormalSleep
1727673155.0111842,NormalSleep
1727673165.018951,NormalSleep
1727673175.0257978,NormalSleep
1727673185.032543,NormalSleep
1727673195.040958,NormalSleep
1727673205.048655,NormalSleep
1727673215.0567338,NormalSleep
1727673225.06319,NormalSleep
1727673235.0702238,NormalSleep
1727673245.078152,NormalSleep
1727673255.084927,NormalSleep
1727673265.091545,ObstructiveApnea
1727673275.0983622,NormalSleep
1727673285.106127,NormalSleep
1727673295.1138308,NormalSleep
1727673305.121493,NormalSleep
1727673315.129353,NormalSleep
1727673325.136616,NormalSleep
1727673335.143457,NormalSleep
1727673345.1510432,NormalSleep
1727673355.1575072,NormalSleep
1727673365.164331,NormalSleep
1727673375.172752,NormalSleep
1727673385.179189,NormalSleep
1727673395.1857579,NormalSleep
1727673405.193697,NormalSleep
1727673415.202633,NormalSleep
1727673425.2107441,NormalSleep
1727673435.217864,NormalSleep
1727673445.226084,NormalSleep
1727673455.2339358,ObstructiveApnea
1727673465.241686,ObstructiveApnea
1727673475.249544,NormalSleep
1727673485.257259,NormalSleep
1727673495.2650619,NormalSleep
1727673505.272928,NormalSleep
1727673515.279456,NormalSleep
1727673525.287551,NormalSleep
1727673535.295439,NormalSleep
1727673545.302285,NormalSleep
1727673555.309974,ObstructiveApnea
1727673565.316588,NormalSleep
1727673575.3243961,NormalSleep
1727673585.3321111,NormalSleep
1727673595.340126,NormalSleep
1727673605.346571,NormalSleep
1727673615.38225,NormalSleep
1727673625.393003,NormalSleep
1727673635.4006689,NormalSleep
1727673645.408333,NormalSleep
1727673655.414801,NormalSleep
1727673665.422938,NormalSleep
1727673675.430631,NormalSleep
1727673685.4374242,NormalSleep
1727673695.445127,NormalSleep
1727673705.45157,NormalSleep
1727673715.459595,NormalSleep
1727673725.466423,NormalSleep
1727673735.4740832,NormalSleep
1727673745.480513,NormalSleep
1727673755.488466,NormalSleep
1727673765.495212,NormalSleep
1727673775.503219,NormalSleep
1727673785.510426,NormalSleep
1727673795.518027,NormalSleep
1727673805.525722,NormalSleep
1727673815.5326478,NormalSleep
1727673825.5395358,NormalSleep
1727673835.5472052,NormalSleep
1727673845.5551639,NormalSleep
1727673855.561708,NormalSleep
1727673865.5696142,ObstructiveApnea
1727673875.5776582,NormalSleep
1727673885.585398,NormalSleep
1727673895.593112,NormalSleep
1727673905.600773,NormalSleep
1727673915.607511,NormalSleep
1727673925.615201,ObstructiveApnea
1727673935.623229,NormalSleep
1727673945.630987,NormalSleep
1727673955.638589,NormalSleep
1727673965.645429,NormalSleep
1727673975.653801,NormalSleep
1727673985.6606221,NormalSleep
1727673995.668247,NormalSleep
1727674005.6749382,NormalSleep
1727674015.682671,NormalSleep
1727674025.692532,NormalSleep
1727674035.700293,NormalSleep
1727674045.707059,NormalSleep
1727674055.7134972,NormalSleep
1727674065.720942,NormalSleep
1727674075.727747,NormalSleep
1727674085.73551,NormalSleep
1727674095.743293,NormalSleep
1727674105.749908,NormalSleep
1727674115.756601,NormalSleep
1727674125.76443,NormalSleep
1727674135.7729762,NormalSleep
1727674145.780738,NormalSleep
1727674155.789282,NormalSleep
1727674165.797068,NormalSleep
1727674175.8054001,NormalSleep
1727674185.813042,ObstructiveApnea
1727674195.8211951,NormalSleep
1727674205.827769,NormalSleep
1727674215.835582,NormalSleep
1727674225.843312,ObstructiveApnea
1727674235.8503559,NormalSleep
1727674245.858092,ObstructiveApnea
1727674255.864683,NormalSleep
1727674265.8727639,NormalSleep
1727674275.8804538,NormalSleep
1727674285.8885498,NormalSleep
1727674295.895066,NormalSleep
1727674305.903052,NormalSleep
1727674315.9097521,NormalSleep
1727674325.9173892,NormalSleep
1727674335.925138,NormalSleep
1727674345.931668,NormalSleep
1727674355.939428,NormalSleep
1727674365.947291,NormalSleep
1727674375.955435,NormalSleep
1727674385.9620469,NormalSleep
1727674395.9688609,NormalSleep
1727674405.9761431,NormalSleep
1727674415.982542,NormalSleep
1727674425.989503,NormalSleep
1727674435.997248,NormalSleep
1727674446.0044029,NormalSleep
1727674456.0122838,ObstructiveApnea
1727674466.020736,ObstructiveApnea
1727674476.0279648,NormalSleep
1727674486.036109,ObstructiveApnea
1727674496.044162,NormalSleep
1727674506.051647,NormalSleep
1727674516.0583382,NormalSleep
1727674526.066006,NormalSleep
1727674536.072763,NormalSleep
1727674546.080655,NormalSleep
1727674556.087927,NormalSleep
1727674566.0957298,NormalSleep
1727674576.103704,NormalSleep
1727674586.11072,NormalSleep
1727674596.118402,NormalSleep
1727674606.1249988,NormalSleep
1727674616.1327722,NormalSleep
1727674626.140506,NormalSleep
1727674636.148145,NormalSleep
1727674646.155102,NormalSleep
1727674656.161613,NormalSleep
1727674666.1685948,NormalSleep
1727674676.176333,NormalSleep
1727674686.183938,NormalSleep
1727674696.191751,NormalSleep
1727674706.198263,NormalSleep
1727674716.206431,NormalSleep
1727674726.214137,NormalSleep
1727674736.2221498,NormalSleep
1727674746.228576,NormalSleep
1727674756.236522,NormalSleep
1727674766.244566,ObstructiveApnea
1727674776.252448,ObstructiveApnea
1727674786.2603252,ObstructiveApnea
1727674796.2683709,NormalSleep
1727674806.2762291,NormalSleep
1727674816.2831209,ObstructiveApnea
1727674826.290881,ObstructiveApnea
1727674836.298551,NormalSleep
1727674846.305666,NormalSleep
1727674856.31246,NormalSleep
1727674866.320189,NormalSleep
1727674876.328094,NormalSleep
1727674886.335756,NormalSleep
1727674896.343594,NormalSleep
1727674906.351367,NormalSleep
1727674916.359045,NormalSleep
1727674926.365742,NormalSleep
1727674936.373836,NormalSleep
1727674946.38155,NormalSleep
1727674956.3896651,NormalSleep
1727674966.397331,NormalSleep
1727674976.405428,NormalSleep
1727674986.412023,NormalSleep
1727674996.418923,NormalSleep
1727675006.4267,NormalSleep
1727675016.434307,NormalSleep
1727675026.440904,NormalSleep
1727675036.447775,NormalSleep
1727675046.456484,NormalSleep
1727675056.464591,NormalSleep
1727675066.473427,NormalSleep
1727675076.480532,NormalSleep
1727675086.4890602,NormalSleep
1727675096.495719,NormalSleep
1727675106.503084,NormalSleep
1727675116.509878,NormalSleep
1727675126.516856,NormalSleep
1727675136.5496478,NormalSleep
1727675146.5587578,NormalSleep
1727675156.566394,ObstructiveApnea
1727675166.5741498,ObstructiveApnea
1727675176.581036,ObstructiveApnea
1727675186.589748,ObstructiveApnea
1727675196.59742,ObstructiveApnea
1727675206.606231,ObstructiveApnea
1727675216.613461,ObstructiveApnea
1727675226.62178,ObstructiveApnea
1727675236.629625,NormalSleep
1727675246.638295,ObstructiveApnea
1727675256.646114,NormalSleep
1727675266.653186,NormalSleep
1727675276.661153,NormalSleep
1727675286.667999,NormalSleep
1727675296.67455,NormalSleep
1727675306.681014,NormalSleep
1727675316.6894379,NormalSleep
1727675326.697162,NormalSleep
1727675336.705248,NormalSleep
1727675346.712996,NormalSleep
1727675356.721071,NormalSleep
1727675366.727634,NormalSleep
1727675376.734438,NormalSleep
1727675386.7412329,NormalSleep
1727675396.7477381,NormalSleep
1727675406.756213,NormalSleep
1727675416.763885,NormalSleep
1727675426.771978,NormalSleep
1727675436.778489,NormalSleep
1727675446.7854998,NormalSleep
1727675456.793387,NormalSleep
1727675466.801045,ObstructiveApnea
1727675476.8076391,ObstructiveApnea
1727675486.815233,ObstructiveApnea
1727675496.8234618,ObstructiveApnea
1727675506.8312142,NormalSleep
1727675516.8398879,NormalSleep
1727675526.8463879,NormalSleep
1727675536.853575,ObstructiveApnea
1727675546.860505,ObstructiveApnea
1727675556.868053,ObstructiveApnea
1727675566.875902,ObstructiveApnea
1727675576.882416,ObstructiveApnea
1727675586.89022,ObstructiveApnea
1727675596.897912,NormalSleep
1727675606.904416,NormalSleep
1727675616.910997,NormalSleep
1727675626.917521,NormalSleep
1727675636.925248,NormalSleep
1727675646.933938,NormalSleep
1727675656.9432929,NormalSleep
1727675666.954144,NormalSleep
1727675676.963632,NormalSleep
1727675686.975293,NormalSleep
1727675696.983088,NormalSleep
1727675706.992351,NormalSleep
1727675717.007013,NormalSleep
1727675727.0243058,NormalSleep
1727675737.0338,NormalSleep
1727675747.050115,NormalSleep
1727675757.067801,NormalSleep
1727675767.0868428,NormalSleep
1727675777.0981061,ObstructiveApnea
1727675787.107164,ObstructiveApnea
1727675797.1143959,ObstructiveApnea
1727675807.120964,NormalSleep
1727675817.128934,ObstructiveApnea
1727675827.135707,NormalSleep
1727675837.143743,NormalSleep
1727675847.151341,NormalSleep
1727675857.1590168,NormalSleep
1727675867.165636,NormalSleep
1727675877.172359,NormalSleep
1727675887.1801322,NormalSleep
1727675897.186684,NormalSleep
1727675907.1951518,NormalSleep
1727675917.203153,NormalSleep
1727675927.210943,NormalSleep
1727675937.219948,NormalSleep
1727675947.22771,NormalSleep
1727675957.235567,NormalSleep
1727675967.243362,NormalSleep
1727675977.250209,NormalSleep
1727675987.256692,NormalSleep
1727675997.26449,NormalSleep
1727676007.27249,NormalSleep
1727676017.279267,NormalSleep
1727676027.2865868,NormalSleep
1727676037.294623,ObstructiveApnea
1727676047.302539,ObstructiveApnea
1727676057.310538,ObstructiveApnea
1727676067.317499,ObstructiveApnea
1727676077.325258,ObstructiveApnea
1727676087.333004,ObstructiveApnea
1727676097.341177,ObstructiveApnea
1727676107.3477209,NormalSleep
1727676117.355642,NormalSleep
1727676127.3635452,NormalSleep
1727676137.371719,ObstructiveApnea
1727676147.379516,NormalSleep
1727676157.3880472,NormalSleep
1727676167.394721,ObstructiveApnea
1727676177.403125,ObstructiveApnea
1727676187.411188,NormalSleep
1727676197.4192278,ObstructiveApnea
1727676207.4272158,NormalSleep
1727676217.434968,NormalSleep
1727676227.4416761,NormalSleep
1727676237.448405,NormalSleep
1727676247.456207,NormalSleep
1727676257.4626749,NormalSleep
1727676267.471135,NormalSleep
1727676277.4777558,NormalSleep
1727676287.4870222,NormalSleep
1727676297.493703,NormalSleep
1727676307.5001118,NormalSleep
1727676317.5077262,ObstructiveApnea
1727676327.514226,ObstructiveApnea
1727676337.5213802,ObstructiveApnea
1727676347.529191,ObstructiveApnea
1727676357.537695,ObstructiveApnea
1727676367.5446,ObstructiveApnea
1727676377.552938,ObstructiveApnea
1727676387.561113,ObstructiveApnea
1727676397.5698009,ObstructiveApnea
1727676407.576971,ObstructiveApnea
1727676417.584922,ObstructiveApnea
1727676427.5929668,ObstructiveApnea
1727676437.600845,ObstructiveApnea
1727676447.607297,ObstructiveApnea
1727676457.6150131,ObstructiveApnea
1727676467.622736,ObstructiveApnea
1727676477.6292422,ObstructiveApnea
1727676487.637152,ObstructiveApnea
1727676497.645022,ObstructiveApnea
1727676507.652571,ObstructiveApnea
1727676517.6594088,ObstructiveApnea
1727676527.6670232,NormalSleep
1727676537.673548,ObstructiveApnea
1727676547.680245,ObstructiveApnea
1727676557.687011,ObstructiveApnea
1727676567.693701,ObstructiveApnea
1727676577.7008169,ObstructiveApnea
1727676587.707613,ObstructiveApnea
1727676597.7143512,ObstructiveApnea
1727676607.721026,ObstructiveApnea
1727676617.727464,NormalSleep
1727676627.734108,NormalSleep
1727676637.740588,ObstructiveApnea
1727676647.7471209,ObstructiveApnea
1727676657.7543921,ObstructiveApnea
1727676667.762075,ObstructiveApnea
1727676677.771199,ObstructiveApnea
1727676687.777892,ObstructiveApnea
1727676697.785305,NormalSleep
1727676707.791732,NormalSleep
1727676717.798333,ObstructiveApnea
1727676727.805801,ObstructiveApnea
1727676737.813577,ObstructiveApnea
1727676747.821026,ObstructiveApnea
1727676757.828723,NormalSleep
1727676767.838012,NormalSleep
1727676777.858965,ObstructiveApnea
1727676787.8688698,ObstructiveApnea
1727676797.8767538,ObstructiveApnea
1727676807.883266,ObstructiveApnea
1727676817.889952,ObstructiveApnea
1727676827.896637,NormalSleep
1727676837.904342,ObstructiveApnea
1727676847.912055,ObstructiveApnea
1727676857.919403,ObstructiveApnea
1727676867.926191,ObstructiveApnea
1727676877.9326599,ObstructiveApnea
1727676887.939473,ObstructiveApnea
1727676897.9470851,ObstructiveApnea
1727676907.953593,ObstructiveApnea
1727676917.9615061,NormalSleep
1727676927.968987,ObstructiveApnea
1727676937.976798,NormalSleep
1727676947.984514,ObstructiveApnea
1727676957.9922528,ObstructiveApnea
1727676967.998698,ObstructiveApnea
1727676978.006439,ObstructiveApnea
1727676988.014184,NormalSleep
1727676998.022388,NormalSleep
1727677008.0301352,NormalSleep
1727677018.037885,NormalSleep
1727677028.0444329,NormalSleep
1727677038.05117,ObstructiveApnea
1727677048.05883,NormalSleep
1727677058.066493,NormalSleep
1727677068.074069,NormalSleep
1727677078.081768,ObstructiveApnea
1727677088.089477,NormalSleep
1727677098.0959811,ObstructiveApnea
1727677108.10411,ObstructiveApnea
1727677118.1109812,ObstructiveApnea
1727677128.118569,ObstructiveApnea
1727677138.125335,ObstructiveApnea
1727677148.132937,ObstructiveApnea
1727677158.139446,ObstructiveApnea
1727677168.146932,ObstructiveApnea
1727677178.154368,ObstructiveApnea
1727677188.1620128,ObstructiveApnea
1727677198.169847,ObstructiveApnea
1727677208.1777039,ObstructiveApnea
1727677218.185277,ObstructiveApnea
1727677228.193019,ObstructiveApnea
1727677238.19947,ObstructiveApnea
1727677248.207024,ObstructiveApnea
1727677258.21378,ObstructiveApnea
1727677268.2216132,ObstructiveApnea
1727677278.228377,ObstructiveApnea
1727677288.2364092,ObstructiveApnea
1727677298.244114,ObstructiveApnea
1727677308.250713,ObstructiveApnea
1727677318.257229,ObstructiveApnea
1727677328.26494,ObstructiveApnea
1727677338.272676,ObstructiveApnea
1727677348.280504,ObstructiveApnea
1727677358.288255,ObstructiveApnea
1727677368.294934,ObstructiveApnea
1727677378.3013482,ObstructiveApnea
1727677388.309052,ObstructiveApnea
1727677398.317021,ObstructiveApnea
1727677408.323609,ObstructiveApnea
1727677418.331467,ObstructiveApnea
1727677428.3392022,ObstructiveApnea
1727677438.3456771,ObstructiveApnea
1727677448.353748,ObstructiveApnea
1727677458.361838,ObstructiveApnea
1727677468.368948,ObstructiveApnea
1727677478.376715,ObstructiveApnea
1727677488.384664,ObstructiveApnea
1727677498.392541,ObstructiveApnea
1727677508.400289,ObstructiveApnea
1727677518.40693,ObstructiveApnea
1727677528.414934,ObstructiveApnea
1727677538.423085,ObstructiveApnea
1727677548.4330308,ObstructiveApnea
1727677558.439899,NormalSleep
1727677568.447614,ObstructiveApnea
1727677578.4553332,ObstructiveApnea
1727677588.462037,ObstructiveApnea
1727677598.469962,ObstructiveApnea
1727677608.4765599,ObstructiveApnea
1727677618.4849741,ObstructiveApnea
1727677628.491588,ObstructiveApnea
1727677638.4992661,ObstructiveApnea
1727677648.507008,ObstructiveApnea
1727677658.513511,ObstructiveApnea
1727677668.521164,ObstructiveApnea
1727677678.528227,ObstructiveApnea
1727677688.5356328,ObstructiveApnea
1727677698.54277,ObstructiveApnea
1727677708.549813,ObstructiveApnea
1727677718.557857,ObstructiveApnea
1727677728.5647402,ObstructiveApnea
1727677738.571626,ObstructiveApnea
1727677748.578586,ObstructiveApnea
1727677758.586905,ObstructiveApnea
1727677768.594924,ObstructiveApnea
1727677778.603036,ObstructiveApnea
1727677788.609633,ObstructiveApnea
1727677798.617718,ObstructiveApnea
1727677808.6254961,ObstructiveApnea
1727677818.633041,ObstructiveApnea
1727677828.639554,ObstructiveApnea
1727677838.647273,ObstructiveApnea
1727677848.655176,NormalSleep
1727677858.6619189,NormalSleep
1727677868.670204,NormalSleep
1727677878.678057,ObstructiveApnea
1727677888.686132,NormalSleep
1727677898.69279,NormalSleep
1727677908.7006772,NormalSleep
1727677918.7078688,NormalSleep
1727677928.7144551,ObstructiveApnea
1727677938.722229,ObstructiveApnea
1727677948.730078,ObstructiveApnea
1727677958.738234,ObstructiveApnea
1727677968.746001,ObstructiveApnea
1727677978.752707,ObstructiveApnea
1727677988.7603588,ObstructiveApnea
1727677998.767981,ObstructiveApnea
1727678008.777038,NormalSleep
1727678018.7843351,ObstructiveApnea
1727678028.792044,NormalSleep
1727678038.7998211,NormalSleep
1727678048.807531,ObstructiveApnea
1727678058.8144798,ObstructiveApnea
1727678068.821048,ObstructiveApnea
1727678078.827774,ObstructiveApnea
1727678088.836513,ObstructiveApnea
1727678098.8429801,ObstructiveApnea
1727678108.8494122,NormalSleep
1727678118.857208,NormalSleep
1727678128.864851,NormalSleep
1727678138.872627,NormalSleep
1727678148.880309,NormalSleep
1727678158.888117,NormalSleep
1727678168.894629,NormalSleep
1727678178.902952,NormalSleep
1727678188.91058,NormalSleep
1727678198.9180841,NormalSleep
1727678208.925807,NormalSleep
1727678218.933438,ObstructiveApnea
1727678228.940228,ObstructiveApnea
1727678238.947938,ObstructiveApnea
1727678248.955677,ObstructiveApnea
1727678258.962417,ObstructiveApnea
1727678268.9704409,ObstructiveApnea
1727678278.978185,ObstructiveApnea
1727678288.986018,ObstructiveApnea
1727678298.993906,ObstructiveApnea
1727678309.000376,ObstructiveApnea
1727678319.008172,ObstructiveApnea
1727678329.014658,ObstructiveApnea
1727678339.0226471,ObstructiveApnea
1727678349.029403,ObstructiveApnea
1727678359.037447,ObstructiveApnea
1727678369.0452778,ObstructiveApnea
1727678379.05358,ObstructiveApnea
1727678389.0604548,ObstructiveApnea
1727678399.0668092,ObstructiveApnea
1727678409.0745568,ObstructiveApnea
1727678419.082148,ObstructiveApnea
1727678429.089876,ObstructiveApnea
1727678439.097653,ObstructiveApnea
1727678449.104372,ObstructiveApnea
1727678459.111168,ObstructiveApnea
1727678469.118358,ObstructiveApnea
1727678479.125855,NormalSleep
1727678489.142808,ObstructiveApnea
1727678499.156325,ObstructiveApnea
1727678509.165313,ObstructiveApnea
1727678519.173104,ObstructiveApnea
1727678529.180823,NormalSleep
1727678539.188586,ObstructiveApnea
1727678549.196301,NormalSleep
1727678559.204088,NormalSleep
1727678569.21057,NormalSleep
1727678579.21814,NormalSleep
1727678589.225955,NormalSleep
1727678599.232682,NormalSleep
1727678609.23922,NormalSleep
1727678619.246885,NormalSleep
1727678629.25347,ObstructiveApnea
1727678639.2614179,ObstructiveApnea
1727678649.2700522,NormalSleep
1727678659.276787,NormalSleep
1727678669.284491,NormalSleep
1727678679.291341,NormalSleep
1727678689.299514,NormalSleep
1727678699.307263,NormalSleep
1727678709.315014,NormalSleep
1727678719.321592,NormalSleep
1727678729.328416,NormalSleep
1727678739.3357341,NormalSleep
1727678749.342222,NormalSleep
1727678759.348865,NormalSleep
1727678769.3559911,NormalSleep
1727678779.36258,NormalSleep
1727678789.3706748,NormalSleep
1727678799.3784902,NormalSleep
1727678809.3865979,NormalSleep
1727678819.3945758,NormalSleep
1727678829.4017658,ObstructiveApnea
1727678839.408458,NormalSleep
1727678849.4161868,NormalSleep
1727678859.424018,NormalSleep
1727678869.431793,NormalSleep
1727678879.439687,NormalSleep
1727678889.446594,NormalSleep
1727678899.453435,NormalSleep
1727678909.4602292,NormalSleep
1727678919.46803,NormalSleep
1727678929.474756,NormalSleep
1727678939.4814239,NormalSleep
1727678949.489318,NormalSleep
1727678959.496077,NormalSleep
1727678969.50262,NormalSleep
1727678979.5106719,NormalSleep
1727678989.518429,NormalSleep
1727678999.525323,ObstructiveApnea
1727679009.5322418,ObstructiveApnea
1727679019.539467,NormalSleep
1727679029.546219,NormalSleep
1727679039.553945,NormalSleep
1727679049.560708,NormalSleep
1727679059.568495,NormalSleep
1727679069.576308,NormalSleep
1727679079.583085,NormalSleep
1727679089.5908349,NormalSleep
1727679099.59746,NormalSleep
1727679109.6043851,NormalSleep
1727679119.61225,NormalSleep
1727679129.61968,NormalSleep
1727679139.627748,NormalSleep
1727679149.635373,NormalSleep
1727679159.6431181,NormalSleep
1727679169.6497128,NormalSleep
1727679179.657612,NormalSleep
1727679189.665271,NormalSleep
1727679199.67304,NormalSleep
1727679209.679691,NormalSleep
1727679219.687667,NormalSleep
1727679229.694477,NormalSleep
1727679239.7017322,NormalSleep
1727679249.708298,NormalSleep
1727679259.715203,NormalSleep
1727679269.72301,NormalSleep
1727679279.729994,NormalSleep
1727679289.7378838,NormalSleep
1727679299.746342,NormalSleep
1727679309.75698,NormalSleep
1727679319.764802,NormalSleep
1727679329.773126,NormalSleep
1727679339.780083,NormalSleep
1727679349.787325,NormalSleep
1727679359.795403,NormalSleep
1727679369.8030531,NormalSleep
1727679379.809471,NormalSleep
1727679389.8169658,NormalSleep
1727679399.824759,NormalSleep
1727679409.831306,NormalSleep
1727679419.83807,NormalSleep
1727679429.84572,NormalSleep
1727679439.8537831,NormalSleep
1727679449.860215,NormalSleep
1727679459.867608,NormalSleep
1727679469.875346,NormalSleep
1727679479.883018,NormalSleep
1727679489.889536,NormalSleep
1727679499.897171,NormalSleep
1727679509.90492,NormalSleep
1727679519.912483,NormalSleep
1727679529.9204412,NormalSleep
1727679539.928148,NormalSleep
1727679549.936162,NormalSleep
1727679559.9426181,NormalSleep
1727679569.950218,NormalSleep
1727679579.956718,NormalSleep
1727679589.963197,NormalSleep
1727679599.970985,NormalSleep
1727679609.9774022,NormalSleep
1727679619.9847791,NormalSleep
1727679629.992568,NormalSleep
1727679640.000191,ObstructiveApnea
1727679650.00793,ObstructiveApnea
1727679660.014532,ObstructiveApnea
1727679670.0223858,NormalSleep
1727679680.029033,NormalSleep
1727679690.0357308,NormalSleep
1727679700.04197,NormalSleep
1727679710.049582,NormalSleep
1727679720.057297,NormalSleep
1727679730.064884,NormalSleep
1727679740.0725608,NormalSleep
1727679750.0790331,NormalSleep
1727679760.086335,NormalSleep
1727679770.093842,NormalSleep
1727679780.10127,NormalSleep
1727679790.1089878,NormalSleep
1727679800.1165068,NormalSleep
1727679810.124152,NormalSleep
1727679820.1305048,NormalSleep
1727679830.1382499,NormalSleep
1727679840.145901,NormalSleep
1727679850.152558,NormalSleep
1727679860.1600761,NormalSleep
1727679870.167532,NormalSleep
1727679880.174251,NormalSleep
1727679890.18183,NormalSleep
1727679900.189565,NormalSleep
1727679910.1962922,NormalSleep
1727679920.203029,NormalSleep
1727679930.210561,NormalSleep
1727679940.2180119,NormalSleep
1727679950.225756,NormalSleep
1727679960.2322052,NormalSleep
1727679970.239213,NormalSleep
1727679980.245547,NormalSleep
1727679990.252434,NormalSleep
1727680000.258689,NormalSleep
1727680010.26627,NormalSleep
1727680020.272892,NormalSleep
1727680030.2805262,NormalSleep
1727680040.287182,NormalSleep
1727680050.294801,NormalSleep
1727680060.301636,NormalSleep
1727680070.319329,NormalSleep
1727680080.330709,NormalSleep
1727680090.339468,NormalSleep
1727680100.346339,NormalSleep
1727680110.35417,NormalSleep
1727680120.362012,NormalSleep
1727680130.37045,NormalSleep
1727680140.378082,NormalSleep
1727680150.386057,NormalSleep
1727680160.392713,NormalSleep
1727680170.399893,NormalSleep
1727680180.4064,NormalSleep
1727680190.413047,NormalSleep
1727680200.419671,NormalSleep
1727680210.427286,NormalSleep
1727680220.4347389,NormalSleep
1727680230.441194,NormalSleep
1727680240.448861,NormalSleep
1727680250.456589,NormalSleep
1727680260.464192,NormalSleep
1727680270.471057,NormalSleep
1727680280.47874,NormalSleep
1727680290.487396,NormalSleep
1727680300.494294,NormalSleep
1727680310.502344,NormalSleep
1727680320.50876,NormalSleep
1727680330.5150988,NormalSleep
1727680340.522926,ObstructiveApnea
1727680350.52943,NormalSleep
1727680360.537405,NormalSleep
1727680370.5452878,NormalSleep
1727680380.553306,NormalSleep
1727680390.56086,NormalSleep
1727680400.568243,NormalSleep
1727680410.576154,NormalSleep
1727680420.582765,NormalSleep
1727680430.590431,NormalSleep
1727680440.5980248,NormalSleep
1727680450.605792,NormalSleep
1727680460.612233,NormalSleep
1727680470.620403,NormalSleep
1727680480.627001,NormalSleep
1727680490.634366,NormalSleep
1727680500.640983,NormalSleep
1727680510.6475148,NormalSleep
1727680520.655204,NormalSleep
1727680530.6616619,NormalSleep
1727680540.6698592,NormalSleep
1727680550.6777449,NormalSleep
1727680560.6858492,NormalSleep
1727680570.693423,NormalSleep
1727680580.701005,NormalSleep
1727680590.708716,NormalSleep
1727680600.7150779,NormalSleep
1727680610.722881,NormalSleep
1727680620.730494,NormalSleep
1727680630.7382011,NormalSleep
1727680640.744895,NormalSleep
1727680650.752618,NormalSleep
1727680660.759684,NormalSleep
1727680670.767275,NormalSleep
1727680680.775009,NormalSleep
1727680690.782531,NormalSleep
1727680700.790206,NormalSleep
1727680710.7967649,NormalSleep
1727680720.804553,NormalSleep
1727680730.8121789,NormalSleep
1727680740.82047,NormalSleep
1727680750.8282292,NormalSleep
1727680760.8353019,NormalSleep
1727680770.841801,NormalSleep
1727680780.84867,NormalSleep
1727680790.856342,NormalSleep
1727680800.8640032,NormalSleep
1727680810.871742,NormalSleep
1727680820.878191,NormalSleep
1727680830.885029,NormalSleep
1727680840.8922381,NormalSleep
1727680850.898556,NormalSleep
1727680860.90628,NormalSleep
1727680870.912791,NormalSleep
1727680880.9206772,NormalSleep
1727680890.9283872,NormalSleep
1727680900.936463,NormalSleep
1727680910.9431438,NormalSleep
1727680920.949504,NormalSleep
1727680930.956365,NormalSleep
1727680940.963964,NormalSleep
1727680950.970467,NormalSleep
1727680960.9782631,NormalSleep
1727680970.986583,NormalSleep
1727680980.993776,NormalSleep
1727680991.001209,NormalSleep
1727681001.0088692,NormalSleep
1727681011.01646,ObstructiveApnea
1727681021.024301,NormalSleep
1727681031.032039,NormalSleep
1727681041.039691,NormalSleep
1727681051.046287,NormalSleep
1727681061.053901,NormalSleep
1727681071.0604658,NormalSleep
1727681081.0668669,NormalSleep
1727681091.074393,NormalSleep
1727681101.0820742,NormalSleep
1727681111.089819,NormalSleep
1727681121.0962272,NormalSleep
1727681131.10414,NormalSleep
1727681141.110721,NormalSleep
1727681151.1170812,NormalSleep
1727681161.123764,NormalSleep
1727681171.13022,NormalSleep
1727681181.137006,NormalSleep
1727681191.143423,NormalSleep
1727681201.1508338,NormalSleep
1727681211.158567,NormalSleep
1727681221.1661818,NormalSleep
1727681231.174102,NormalSleep
1727681241.180574,NormalSleep
1727681251.18827,NormalSleep
1727681261.1958458,NormalSleep
1727681271.2040179,NormalSleep
1727681281.211754,NormalSleep
1727681291.218826,NormalSleep
1727681301.225634,NormalSleep
1727681311.233383,NormalSleep
1727681321.241146,NormalSleep
1727681331.247772,NormalSleep
1727681341.2543879,NormalSleep
1727681351.261725,NormalSleep
1727681361.27012,NormalSleep
1727681371.27812,NormalSleep
1727681381.2856,NormalSleep
1727681391.2922602,NormalSleep
1727681401.2998421,NormalSleep
1727681411.307381,NormalSleep
1727681421.3151019,NormalSleep
1727681431.321679,NormalSleep
1727681441.329599,NormalSleep
1727681451.337638,NormalSleep
1727681461.3455439,NormalSleep
1727681471.353863,NormalSleep
1727681481.361849,NormalSleep
1727681491.370516,NormalSleep
1727681501.378588,NormalSleep
1727681511.38587,NormalSleep
1727681521.392975,NormalSleep
1727681531.400657,NormalSleep
1727681541.408417,NormalSleep
1727681551.416259,NormalSleep
1727681561.423945,NormalSleep
1727681571.430539,NormalSleep
1727681581.438496,NormalSleep
1727681591.445357,NormalSleep
1727681601.4527621,NormalSleep
1727681611.45941,NormalSleep
1727681621.4667652,NormalSleep
1727681631.474508,NormalSleep
1727681641.482256,NormalSleep
1727681651.4893188,NormalSleep
1727681661.497034,NormalSleep
1727681671.503674,NormalSleep
1727681681.511708,NormalSleep
1727681691.519867,NormalSleep
1727681701.526858,NormalSleep
1727681711.533449,ObstructiveApnea
1727681721.541755,ObstructiveApnea
1727681731.5541089,NormalSleep
1727681741.575288,NormalSleep
1727681751.58531,NormalSleep
1727681761.593097,NormalSleep
1727681771.5996501,NormalSleep
1727681781.60735,NormalSleep
1727681791.614985,NormalSleep
1727681801.621427,NormalSleep
1727681811.629132,NormalSleep
1727681821.6363451,NormalSleep
1727681831.64363,NormalSleep
1727681841.651335,NormalSleep
1727681851.659041,NormalSleep
1727681861.665534,NormalSleep
1727681871.673384,NormalSleep
1727681881.680041,NormalSleep
1727681891.686645,NormalSleep
1727681901.693383,NormalSleep
1727681911.699726,NormalSleep
1727681921.707399,NormalSleep
1727681931.715014,NormalSleep
1727681941.7215202,NormalSleep
1727681951.729154,NormalSleep
1727681961.73734,NormalSleep
1727681971.74402,NormalSleep
1727681981.750248,NormalSleep
1727681991.757952,NormalSleep
1727682001.7655838,NormalSleep
1727682011.773234,NormalSleep
1727682021.779737,NormalSleep
1727682031.786366,NormalSleep
1727682041.792916,NormalSleep
1727682051.800438,NormalSleep
1727682061.808285,NormalSleep
1727682071.8149178,NormalSleep
1727682081.8225029,NormalSleep
1727682091.8294048,NormalSleep
1727682101.837174,NormalSleep
1727682111.845162,NormalSleep
1727682121.853421,NormalSleep
1727682131.861464,NormalSleep
1727682141.8692648,NormalSleep
1727682151.877137,NormalSleep
1727682161.8850229,ObstructiveApnea
1727682171.891613,NormalSleep
1727682181.898479,NormalSleep
1727682191.9062479,ObstructiveApnea
1727682201.913941,NormalSleep
1727682211.920512,NormalSleep
1727682221.928502,NormalSleep
1727682231.936748,ObstructiveApnea
1727682241.9433868,NormalSleep
1727682251.950293,NormalSleep
1727682261.95701,ObstructiveApnea
1727682271.963604,NormalSleep
1727682281.970297,ObstructiveApnea
1727682291.978302,NormalSleep
1727682301.985954,ObstructiveApnea
1727682311.993618,NormalSleep
1727682322.0012422,NormalSleep
1727682332.010182,NormalSleep
1727682342.016664,NormalSleep
1727682352.024457,ObstructiveApnea
1727682362.032265,ObstructiveApnea
1727682372.040017,ObstructiveApnea
1727682382.046654,ObstructiveApnea
1727682392.053482,ObstructiveApnea
1727682402.061666,NormalSleep
1727682412.069516,NormalSleep
1727682422.077674,NormalSleep
1727682432.086068,ObstructiveApnea
1727682442.093914,ObstructiveApnea
1727682452.101682,NormalSleep
1727682462.109581,NormalSleep
1727682472.117422,ObstructiveApnea
1727682482.125282,NormalSleep
1727682492.133041,ObstructiveApnea
1727682502.140817,NormalSleep
1727682512.147406,ObstructiveApnea
1727682522.155196,NormalSleep
1727682532.1620212,NormalSleep
1727682542.169806,NormalSleep
1727682552.177744,NormalSleep
1727682562.185971,NormalSleep
1727682572.192626,NormalSleep
1727682582.200462,NormalSleep
1727682592.208245,NormalSleep
1727682602.21597,NormalSleep
1727682612.223732,NormalSleep
1727682622.231471,NormalSleep
1727682632.239184,NormalSleep
1727682642.247015,NormalSleep
1727682652.254379,NormalSleep
1727682662.262156,NormalSleep
1727682672.269162,NormalSleep
1727682682.276839,NormalSleep
1727682692.283469,NormalSleep
1727682702.291136,NormalSleep
1727682712.2988338,NormalSleep
1727682722.305398,NormalSleep
1727682732.312012,NormalSleep
1727682742.320131,NormalSleep
1727682752.32671,NormalSleep
1727682762.334208,NormalSleep
1727682772.341967,NormalSleep
1727682782.348466,NormalSleep
1727682792.356205,NormalSleep
1727682802.362773,NormalSleep
1727682812.370862,NormalSleep
1727682822.378593,NormalSleep
1727682832.3868349,NormalSleep
1727682842.393475,NormalSleep
1727682852.40095,NormalSleep
1727682862.40873,NormalSleep
1727682872.4164522,NormalSleep
1727682882.424306,NormalSleep
1727682892.4320252,NormalSleep
1727682902.438533,NormalSleep
1727682912.446284,NormalSleep
1727682922.4540899,NormalSleep
1727682932.4617941,NormalSleep
1727682942.46992,NormalSleep
1727682952.47672,NormalSleep
1727682962.4830642,NormalSleep
1727682972.4908302,NormalSleep
1727682982.498476,NormalSleep
1727682992.505854,NormalSleep
1727683002.513494,NormalSleep
1727683012.520237,NormalSleep
1727683022.52804,NormalSleep
1727683032.536215,NormalSleep
1727683042.542742,NormalSleep
1727683052.5493069,NormalSleep
1727683062.557121,NormalSleep
1727683072.5647192,NormalSleep
1727683082.5724952,NormalSleep
1727683092.579516,NormalSleep
1727683102.587381,NormalSleep
1727683112.595257,NormalSleep
1727683122.603551,NormalSleep
1727683132.6114728,NormalSleep
1727683142.620471,NormalSleep
1727683152.628543,NormalSleep
1727683162.6376052,NormalSleep
1727683172.645565,NormalSleep
1727683182.654058,NormalSleep
1727683192.661962,NormalSleep
1727683202.6707,NormalSleep
1727683212.677582,NormalSleep
1727683222.686156,NormalSleep
1727683232.6943748,NormalSleep
1727683242.70194,NormalSleep
1727683252.7086232,NormalSleep
1727683262.7153778,NormalSleep
1727683272.726099,NormalSleep
1727683282.737097,NormalSleep
1727683292.75692,NormalSleep
1727683302.766307,NormalSleep
1727683312.773324,NormalSleep
1727683322.7811232,NormalSleep
1727683332.788098,NormalSleep
1727683342.794755,ObstructiveApnea
1727683352.80228,NormalSleep
1727683362.810432,NormalSleep
1727683372.818604,NormalSleep
1727683382.826756,NormalSleep
1727683392.8335428,NormalSleep
1727683402.841575,NormalSleep
1727683412.849525,NormalSleep
1727683422.857472,NormalSleep
1727683432.865561,NormalSleep
1727683442.8735309,NormalSleep
1727683452.8815339,NormalSleep
1727683462.889741,NormalSleep
1727683472.8978071,NormalSleep
1727683482.905864,NormalSleep
1727683492.9139001,NormalSleep
1727683502.921897,NormalSleep
1727683512.929923,NormalSleep
1727683522.9374652,NormalSleep
1727683532.944406,NormalSleep
1727683542.953093,NormalSleep
1727683552.960547,NormalSleep
1727683562.967499,NormalSleep
1727683572.975426,NormalSleep
1727683582.9832058,NormalSleep
1727683592.9910169,NormalSleep
1727683602.998862,NormalSleep
1727683613.00705,NormalSleep
1727683623.013698,NormalSleep
1727683633.0219278,NormalSleep
1727683643.030668,NormalSleep
1727683653.0386481,NormalSleep
1727683663.046437,NormalSleep
1727683673.053213,NormalSleep
1727683683.0597389,NormalSleep
1727683693.067444,NormalSleep
1727683703.0752351,NormalSleep
1727683713.082867,ObstructiveApnea
1727683723.090637,ObstructiveApnea
1727683733.098358,NormalSleep
1727683743.1058712,NormalSleep
1727683753.113632,NormalSleep
1727683763.12033,NormalSleep
1727683773.128041,ObstructiveApnea
1727683783.136097,NormalSleep
1727683793.142664,NormalSleep
1727683803.149939,NormalSleep
1727683813.157745,NormalSleep
1727683823.164248,NormalSleep
1727683833.1709352,NormalSleep
1727683843.1785789,NormalSleep
1727683853.18679,NormalSleep
1727683863.1945758,NormalSleep
1727683873.202751,NormalSleep
1727683883.210429,NormalSleep
1727683893.2180722,NormalSleep
1727683903.224714,NormalSleep
1727683913.232534,NormalSleep
1727683923.239372,NormalSleep
1727683933.2471292,NormalSleep
1727683943.2549481,NormalSleep
1727683953.2626271,NormalSleep
1727683963.2706509,NormalSleep
1727683973.278315,NormalSleep
1727683983.2865112,NormalSleep
1727683993.294361,NormalSleep
1727684003.302229,NormalSleep
1727684013.310045,NormalSleep
1727684023.317718,NormalSleep
1727684033.3242612,NormalSleep
1727684043.33065,NormalSleep
1727684053.3385432,NormalSleep
1727684063.345964,NormalSleep
1727684073.354082,NormalSleep
1727684083.3617852,NormalSleep
1727684093.369787,NormalSleep
1727684103.377473,NormalSleep
1727684113.3850272,NormalSleep
1727684123.392158,NormalSleep
1727684133.399015,NormalSleep
1727684143.4067671,NormalSleep
1727684153.413318,NormalSleep
1727684163.421212,NormalSleep
1727684173.4289238,NormalSleep
1727684183.435785,NormalSleep
1727684193.442243,NormalSleep
1727684203.449997,NormalSleep
1727684213.456527,NormalSleep
1727684223.464173,NormalSleep
1727684233.471858,NormalSleep
1727684243.478435,NormalSleep
1727684253.487129,NormalSleep
1727684263.494346,NormalSleep
1727684273.503008,NormalSleep
1727684283.511055,NormalSleep
1727684293.518519,NormalSleep
1727684303.525594,NormalSleep
1727684313.532494,NormalSleep
1727684323.539479,NormalSleep
1727684333.547253,NormalSleep
1727684343.55423,NormalSleep
1727684353.5620842,NormalSleep
1727684363.569494,NormalSleep
1727684373.576797,NormalSleep
1727684383.583762,NormalSleep
1727684393.591815,NormalSleep
1727684403.599691,NormalSleep
1727684413.607567,NormalSleep
1727684423.61461,NormalSleep
1727684433.6212962,NormalSleep
1727684443.628444,NormalSleep
1727684453.637277,NormalSleep
1727684463.6444778,NormalSleep
1727684473.6531572,NormalSleep
1727684483.661419,ObstructiveApnea
1727684493.670397,NormalSleep
1727684503.677763,NormalSleep
1727684513.6865249,NormalSleep
1727684523.694756,NormalSleep
1727684533.702759,ObstructiveApnea
1727684543.7109241,NormalSleep
1727684553.718886,NormalSleep
1727684563.725734,NormalSleep
1727684573.733641,NormalSleep
1727684583.741461,NormalSleep
1727684593.749293,NormalSleep
1727684603.7571552,NormalSleep
1727684613.764815,NormalSleep
1727684623.77268,NormalSleep
1727684633.779762,NormalSleep
1727684643.786381,NormalSleep
1727684653.794446,NormalSleep
1727684663.802898,NormalSleep
1727684673.809578,NormalSleep
1727684683.817285,NormalSleep
1727684693.825173,NormalSleep
1727684703.831798,NormalSleep
1727684713.839278,NormalSleep
1727684723.847017,NormalSleep
1727684733.853604,NormalSleep
1727684743.86169,NormalSleep
1727684753.868884,ObstructiveApnea
1727684763.8753998,NormalSleep
1727684773.883148,NormalSleep
1727684783.889808,NormalSleep
1727684793.896373,NormalSleep
1727684803.9043221,NormalSleep
1727684813.911988,NormalSleep
1727684823.920183,NormalSleep
1727684833.92815,NormalSleep
1727684843.93648,NormalSleep
1727684853.944389,ObstructiveApnea
1727684863.952748,NormalSleep
1727684873.959435,NormalSleep
1727684883.967147,NormalSleep
1727684893.97375,NormalSleep
1727684903.9814348,NormalSleep
1727684913.989194,NormalSleep
1727684923.9956229,NormalSleep
1727684934.0038478,ObstructiveApnea
1727684944.010603,ObstructiveApnea
1727684954.017059,ObstructiveApnea
1727684964.023656,ObstructiveApnea
1727684974.0313542,ObstructiveApnea
1727684984.0380712,NormalSleep
1727684994.045747,NormalSleep
1727685004.052921,NormalSleep
1727685014.060778,NormalSleep
1727685024.068623,NormalSleep
1727685034.076472,NormalSleep
1727685044.085204,NormalSleep
1727685054.102598,NormalSleep
1727685064.112224,NormalSleep
1727685074.121761,NormalSleep
1727685084.129549,NormalSleep
1727685094.136251,NormalSleep
1727685104.14406,NormalSleep
1727685114.152021,NormalSleep
1727685124.159861,NormalSleep
1727685134.167705,NormalSleep
1727685144.175561,NormalSleep
1727685154.183408,NormalSleep
1727685164.191173,NormalSleep
1727685174.198978,NormalSleep
1727685184.206217,NormalSleep
1727685194.2138581,NormalSleep
1727685204.220979,NormalSleep
1727685214.228662,NormalSleep
1727685224.235753,NormalSleep
1727685234.242196,NormalSleep
1727685244.2499259,NormalSleep
1727685254.256625,NormalSleep
1727685264.264253,NormalSleep
1727685274.270715,NormalSleep
1727685284.277459,NormalSleep
1727685294.2843862,NormalSleep
1727685304.291048,NormalSleep
1727685314.297576,NormalSleep
1727685324.304307,NormalSleep
1727685334.311011,NormalSleep
1727685344.3189309,NormalSleep
1727685354.32557,NormalSleep
1727685364.333367,NormalSleep
1727685374.341154,NormalSleep
1727685384.3476942,ObstructiveApnea
1727685394.355602,NormalSleep
1727685404.3632371,NormalSleep
1727685414.370987,NormalSleep
1727685424.377573,NormalSleep
1727685434.3849752,NormalSleep
1727685444.39274,ObstructiveApnea
1727685454.400536,NormalSleep
1727685464.408431,ObstructiveApnea
1727685474.414967,NormalSleep
1727685484.4227982,NormalSleep
1727685494.429406,NormalSleep
1727685504.4365408,NormalSleep
1727685514.444273,NormalSleep
1727685524.4521332,NormalSleep
1727685534.460057,NormalSleep
1727685544.4676769,NormalSleep
1727685554.47548,ObstructiveApnea
1727685564.4831622,NormalSleep
1727685574.48975,NormalSleep
1727685584.496257,NormalSleep
1727685594.5031612,NormalSleep
1727685604.509723,NormalSleep
1727685614.517262,NormalSleep
1727685624.525032,NormalSleep
1727685634.532753,NormalSleep
1727685644.540406,NormalSleep
1727685654.546793,NormalSleep
1727685664.553452,NormalSleep
1727685674.561374,NormalSleep
1727685684.568539,NormalSleep
1727685694.5761962,NormalSleep
1727685704.5826519,NormalSleep
1727685714.59059,NormalSleep
1727685724.598635,NormalSleep
1727685734.606518,NormalSleep
1727685744.614273,NormalSleep
1727685754.620973,NormalSleep
1727685764.6286561,NormalSleep
1727685774.637011,NormalSleep
1727685784.644898,NormalSleep
1727685794.652938,NormalSleep
1727685804.659456,NormalSleep
1727685814.667205,NormalSleep
1727685824.6737988,NormalSleep
1727685834.680359,NormalSleep
1727685844.6876118,NormalSleep
1727685854.695303,NormalSleep
1727685864.703097,NormalSleep
1727685874.7109492,NormalSleep
1727685884.7186859,NormalSleep
1727685894.7265348,NormalSleep
1727685904.734176,NormalSleep
1727685914.740715,NormalSleep
1727685924.7484312,NormalSleep
1727685934.755897,NormalSleep
1727685944.762439,NormalSleep
1727685954.771007,NormalSleep
1727685964.777633,NormalSleep
1727685974.7845068,NormalSleep
1727685984.7913039,NormalSleep
1727685994.799024,NormalSleep
1727686004.805804,NormalSleep
1727686014.813545,NormalSleep
1727686024.820328,NormalSleep
1727686034.828314,NormalSleep
1727686044.836548,NormalSleep
1727686054.844488,NormalSleep
1727686064.851647,NormalSleep
1727686074.859505,NormalSleep
1727686084.8673291,NormalSleep
1727686094.875249,ObstructiveApnea
1727686104.8830872,NormalSleep
1727686114.890904,NormalSleep
1727686124.89746,NormalSleep
1727686134.905322,NormalSleep
1727686144.911999,NormalSleep
1727686154.9202502,NormalSleep
1727686164.928223,ObstructiveApnea
1727686174.9361012,NormalSleep
1727686184.942729,NormalSleep
1727686194.949301,NormalSleep
1727686204.957192,NormalSleep
1727686214.965019,NormalSleep
1727686224.971617,NormalSleep
1727686234.979003,NormalSleep
1727686244.9866729,NormalSleep
1727686254.99339,NormalSleep
1727686265.001014,NormalSleep
1727686275.007521,NormalSleep
1727686285.0152168,NormalSleep
1727686295.021726,ObstructiveApnea
1727686305.0282502,NormalSleep
1727686315.035411,NormalSleep
1727686325.0430331,NormalSleep
1727686335.049518,NormalSleep
1727686345.05729,NormalSleep
1727686355.063838,NormalSleep
1727686365.070327,NormalSleep
1727686375.078181,NormalSleep
1727686385.08619,NormalSleep
1727686395.0938911,NormalSleep
1727686405.101442,NormalSleep
1727686415.109226,NormalSleep
1727686425.116908,NormalSleep
1727686435.1246479,ObstructiveApnea
1727686445.131278,NormalSleep
1727686455.138902,NormalSleep
1727686465.1464908,NormalSleep
1727686475.154216,NormalSleep
1727686485.1619651,NormalSleep
1727686495.170183,NormalSleep
1727686505.1767838,NormalSleep
1727686515.184306,NormalSleep
1727686525.190975,NormalSleep
1727686535.198577,NormalSleep
1727686545.206326,NormalSleep
1727686555.21402,NormalSleep
1727686565.220917,NormalSleep
1727686575.228631,NormalSleep
1727686585.236661,ObstructiveApnea
1727686595.244421,NormalSleep
1727686605.252588,NormalSleep
1727686615.260171,NormalSleep
1727686625.267818,NormalSleep
1727686635.275529,NormalSleep
1727686645.283167,NormalSleep
1727686655.2898922,NormalSleep
1727686665.2975092,NormalSleep
1727686675.305225,NormalSleep
1727686685.31168,NormalSleep
1727686695.3189068,NormalSleep
1727686705.326646,NormalSleep
1727686715.3342981,NormalSleep
1727686725.342017,NormalSleep
1727686735.348372,NormalSleep
1727686745.356124,NormalSleep
1727686755.363733,NormalSleep
1727686765.370228,NormalSleep
1727686775.37691,ObstructiveApnea
1727686785.384535,ObstructiveApnea
1727686795.4015481,NormalSleep
1727686805.4166741,ObstructiveApnea
1727686815.4272141,NormalSleep
1727686825.4350011,ObstructiveApnea
1727686835.441675,NormalSleep
1727686845.449395,NormalSleep
1727686855.4571462,ObstructiveApnea
1727686865.463576,NormalSleep
1727686875.471431,NormalSleep
1727686885.47807,NormalSleep
1727686895.486194,NormalSleep
1727686905.4926221,NormalSleep
1727686915.5002382,NormalSleep
1727686925.5080261,NormalSleep
1727686935.514505,NormalSleep
1727686945.522256,NormalSleep
1727686955.529912,NormalSleep
1727686965.5376158,NormalSleep
1727686975.545405,NormalSleep
1727686985.552976,NormalSleep
1727686995.560627,ObstructiveApnea
1727687005.5681028,ObstructiveApnea
1727687015.574892,NormalSleep
1727687025.582548,NormalSleep
1727687035.589275,NormalSleep
1727687045.596864,NormalSleep
1727687055.6037729,NormalSleep
1727687065.611501,NormalSleep
1727687075.6187892,NormalSleep
1727687085.625333,NormalSleep
1727687095.632942,ObstructiveApnea
1727687105.6406379,NormalSleep
1727687115.648345,NormalSleep
1727687125.655055,NormalSleep
1727687135.6627789,NormalSleep
1727687145.670814,NormalSleep
1727687155.678514,NormalSleep
1727687165.6864781,NormalSleep
1727687175.694141,NormalSleep
1727687185.700632,NormalSleep
1727687195.707312,NormalSleep
1727687205.714874,NormalSleep
1727687215.722472,NormalSleep
1727687225.7301362,NormalSleep
1727687235.737845,NormalSleep
1727687245.744483,NormalSleep
1727687255.7514932,NormalSleep
1727687265.7577422,NormalSleep
1727687275.764194,NormalSleep
1727687285.772079,NormalSleep
1727687295.778615,NormalSleep
1727687305.786656,NormalSleep
1727687315.794446,ObstructiveApnea
1727687325.8023438,NormalSleep
1727687335.810095,NormalSleep
1727687345.817728,NormalSleep
1727687355.825483,NormalSleep
1727687365.8330991,NormalSleep
1727687375.839631,NormalSleep
1727687385.846196,ObstructiveApnea
1727687395.854074,NormalSleep
1727687405.8617432,NormalSleep
1727687415.8697112,NormalSleep
1727687425.876991,NormalSleep
1727687435.8848739,NormalSleep
1727687445.891616,ObstructiveApnea
1727687455.899457,NormalSleep
1727687465.9075892,NormalSleep
1727687475.915673,NormalSleep
1727687485.922436,ObstructiveApnea
1727687495.930319,NormalSleep
1727687505.938327,NormalSleep
1727687515.9463098,NormalSleep
1727687525.954259,NormalSleep
1727687535.962175,NormalSleep
1727687545.970002,NormalSleep
1727687555.977955,NormalSleep
1727687565.985203,NormalSleep
1727687575.992196,NormalSleep
1727687586.000021,NormalSleep
1727687596.007788,NormalSleep
1727687606.014401,NormalSleep
1727687616.022305,NormalSleep
1727687626.030126,NormalSleep
1727687636.036671,NormalSleep
1727687646.044765,NormalSleep
1727687656.0530329,NormalSleep
1727687666.061043,NormalSleep
1727687676.068893,NormalSleep
1727687686.076776,NormalSleep
1727687696.083714,ObstructiveApnea
1727687706.091518,NormalSleep
1727687716.099356,NormalSleep
1727687726.105973,NormalSleep
1727687736.112661,NormalSleep
1727687746.120704,NormalSleep
1727687756.1273139,NormalSleep
1727687766.135083,ObstructiveApnea
1727687776.1430998,NormalSleep
1727687786.149815,ObstructiveApnea
1727687796.157722,ObstructiveApnea
1727687806.165494,ObstructiveApnea
1727687816.173315,ObstructiveApnea
1727687826.1810381,NormalSleep
1727687836.1875432,NormalSleep
1727687846.1943092,ObstructiveApnea
1727687856.202383,ObstructiveApnea
1727687866.210238,NormalSleep
1727687876.216823,NormalSleep
1727687886.2234828,ObstructiveApnea
1727687896.23122,ObstructiveApnea
1727687906.2390752,NormalSleep
1727687916.2455711,NormalSleep
1727687926.2541518,NormalSleep
1727687936.2619772,NormalSleep
1727687946.270197,NormalSleep
1727687956.278099,NormalSleep
1727687966.285177,NormalSleep
1727687976.291682,NormalSleep
1727687986.298172,NormalSleep
1727687996.305973,NormalSleep
1727688006.312563,NormalSleep
1727688016.3194938,NormalSleep
1727688026.327164,NormalSleep
1727688036.3348758,NormalSleep
1727688046.342593,NormalSleep
1727688056.350165,NormalSleep
1727688066.35788,NormalSleep
1727688076.364392,NormalSleep
1727688086.371159,NormalSleep
1727688096.378992,NormalSleep
1727688106.385664,NormalSleep
1727688116.393436,NormalSleep
1727688126.400037,NormalSleep
1727688136.407941,NormalSleep
1727688146.414562,NormalSleep
1727688156.422366,NormalSleep
1727688166.430181,NormalSleep
1727688176.436807,NormalSleep
1727688186.4437299,NormalSleep
1727688196.451412,NormalSleep
1727688206.459311,NormalSleep
1727688216.467073,NormalSleep
1727688226.4748318,NormalSleep
1727688236.482547,NormalSleep
1727688246.4902909,NormalSleep
1727688256.498045,NormalSleep
1727688266.504748,NormalSleep
1727688276.512373,NormalSleep
1727688286.520552,NormalSleep
1727688296.528348,NormalSleep
1727688306.536438,NormalSleep
1727688316.543205,NormalSleep
1727688326.550775,NormalSleep
1727688336.557428,NormalSleep
1727688346.564325,NormalSleep
1727688356.572042,NormalSleep
1727688366.5785012,NormalSleep
1727688376.586724,NormalSleep
1727688386.594738,NormalSleep
1727688396.6029482,NormalSleep
1727688406.610045,NormalSleep
1727688416.6176882,NormalSleep
1727688426.625466,NormalSleep
1727688436.633086,NormalSleep
1727688446.6408541,NormalSleep
1727688456.648532,NormalSleep
1727688466.656308,NormalSleep
1727688476.662982,NormalSleep
1727688486.669753,NormalSleep
1727688496.676417,NormalSleep
1727688506.6840699,NormalSleep
1727688516.690757,NormalSleep
1727688526.697154,NormalSleep
1727688536.704024,NormalSleep
1727688546.71046,NormalSleep
1727688556.717984,NormalSleep
1727688566.725724,NormalSleep
1727688576.732221,NormalSleep
1727688586.7395468,NormalSleep
1727688596.746388,NormalSleep
1727688606.772267,NormalSleep
1727688616.780292,ObstructiveApnea
1727688626.78995,ObstructiveApnea
1727688636.7965991,ObstructiveApnea
1727688646.8044832,NormalSleep
1727688656.812187,NormalSleep
1727688666.820357,NormalSleep
1727688676.828087,NormalSleep
1727688686.8361568,ObstructiveApnea
1727688696.8440251,NormalSleep
1727688706.8517041,NormalSleep
1727688716.85844,NormalSleep
1727688726.866111,NormalSleep
1727688736.873908,NormalSleep
1727688746.881736,NormalSleep
1727688756.888473,NormalSleep
1727688766.896378,NormalSleep
1727688776.90334,NormalSleep
1727688786.910282,NormalSleep
1727688796.9179678,NormalSleep
1727688806.924813,NormalSleep
1727688816.931392,NormalSleep
1727688826.939143,NormalSleep
1727688836.9467928,NormalSleep
1727688846.953282,NormalSleep
1727688856.960001,NormalSleep
1727688866.967381,NormalSleep
1727688876.9750872,NormalSleep
1727688886.9826088,NormalSleep
1727688896.990272,NormalSleep
1727688906.996814,NormalSleep
1727688917.003329,NormalSleep
1727688927.011212,NormalSleep
1727688937.019064,NormalSleep
1727688947.02558,NormalSleep
1727688957.032047,NormalSleep
1727688967.038775,NormalSleep
1727688977.046785,NormalSleep
1727688987.054742,NormalSleep
1727688997.062677,NormalSleep
1727689007.070028,NormalSleep
1727689017.077986,NormalSleep
1727689027.086226,NormalSleep
1727689037.093994,ObstructiveApnea
1727689047.100576,NormalSleep
1727689057.108361,NormalSleep
1727689067.116032,NormalSleep
1727689077.123754,ObstructiveApnea
1727689087.130222,NormalSleep
1727689097.137992,NormalSleep
1727689107.1452758,NormalSleep
1727689117.153416,NormalSleep
1727689127.160015,NormalSleep
1727689137.1664052,NormalSleep
1727689147.174073,NormalSleep
1727689157.1816819,NormalSleep
1727689167.1893702,NormalSleep
1727689177.19694,NormalSleep
1727689187.2046962,NormalSleep
1727689197.212364,NormalSleep
1727689207.219331,NormalSleep
1727689217.226913,NormalSleep
1727689227.234383,NormalSleep
1727689237.2421188,NormalSleep
1727689247.2497668,NormalSleep
1727689257.257519,NormalSleep
1727689267.26512,NormalSleep
1727689277.27279,NormalSleep
1727689287.2792509,NormalSleep
1727689297.2865012,NormalSleep
1727689307.294116,NormalSleep
1727689317.300471,NormalSleep
1727689327.307405,NormalSleep
1727689337.3149922,NormalSleep
1727689347.322409,NormalSleep
1727689357.328798,NormalSleep
1727689367.336921,ObstructiveApnea
1727689377.343523,ObstructiveApnea
1727689387.3511198,ObstructiveApnea
1727689397.3588748,NormalSleep
1727689407.366473,NormalSleep
1727689417.3741791,ObstructiveApnea
1727689427.38178,NormalSleep
1727689437.3884,NormalSleep
1727689447.394763,NormalSleep
1727689457.40273,NormalSleep
1727689467.4106612,NormalSleep
1727689477.418751,NormalSleep
1727689487.4264162,NormalSleep
1727689497.433943,NormalSleep
1727689507.4417,NormalSleep
1727689517.449287,NormalSleep
1727689527.4558332,NormalSleep
1727689537.462442,NormalSleep
1727689547.469384,NormalSleep
1727689557.476917,NormalSleep
1727689567.4843872,NormalSleep
1727689577.49211,NormalSleep
1727689587.499729,NormalSleep
1727689597.507406,NormalSleep
1727689607.51501,NormalSleep
1727689617.5224729,NormalSleep
1727689627.529096,NormalSleep
1727689637.537133,NormalSleep
1727689647.5450208,NormalSleep
1727689657.553329,NormalSleep
1727689667.5610821,NormalSleep
1727689677.5692642,NormalSleep
1727689687.577163,NormalSleep
1727689697.5851111,NormalSleep
1727689707.5930939,NormalSleep
1727689717.6009102,NormalSleep
1727689727.6086771,NormalSleep
1727689737.616726,NormalSleep
1727689747.62338,NormalSleep
1727689757.631356,NormalSleep
1727689767.639169,NormalSleep
1727689777.645764,NormalSleep
1727689787.652768,NormalSleep
1727689797.660633,NormalSleep
1727689807.6685429,NormalSleep
1727689817.676477,NormalSleep
1727689827.684319,NormalSleep
1727689837.692267,NormalSleep
1727689847.700246,NormalSleep
1727689857.707999,NormalSleep
1727689867.715831,NormalSleep
1727689877.722404,NormalSleep
1727689887.729259,NormalSleep
1727689897.737195,NormalSleep
1727689907.745139,NormalSleep
1727689917.75371,NormalSleep
1727689927.761576,NormalSleep
1727689937.770062,NormalSleep
1727689947.778027,NormalSleep
1727689957.7854578,NormalSleep
1727689967.7933,ObstructiveApnea
1727689977.8008618,ObstructiveApnea
1727689987.808574,NormalSleep
1727689997.816109,NormalSleep
1727690007.822561,NormalSleep
1727690017.830267,NormalSleep
1727690027.837923,NormalSleep
1727690037.845546,NormalSleep
1727690047.853545,NormalSleep
1727690057.8612869,NormalSleep
1727690067.869119,NormalSleep
1727690077.8767202,NormalSleep
1727690087.884256,NormalSleep
1727690097.8920279,NormalSleep
1727690107.898466,NormalSleep
1727690117.906259,NormalSleep
1727690127.9127822,NormalSleep
1727690137.919775,NormalSleep
1727690147.92612,NormalSleep
1727690157.933669,NormalSleep
1727690167.941578,NormalSleep
1727690177.9480598,NormalSleep
1727690187.954659,NormalSleep
1727690197.962306,NormalSleep
1727690207.970486,NormalSleep
1727690217.978225,NormalSleep
1727690227.986112,NormalSleep
1727690237.99381,NormalSleep
1727690248.001358,NormalSleep
1727690258.010276,NormalSleep
1727690268.026005,NormalSleep
1727690278.0415092,NormalSleep
1727690288.0536919,NormalSleep
1727690298.0614378,NormalSleep
1727690308.0683572,NormalSleep
1727690318.0749178,NormalSleep
1727690328.0825138,NormalSleep
1727690338.090302,NormalSleep
1727690348.096755,NormalSleep
1727690358.1045618,NormalSleep
1727690368.112161,NormalSleep
1727690378.119154,NormalSleep
1727690388.125633,NormalSleep
1727690398.1320262,NormalSleep
1727690408.139062,NormalSleep
1727690418.145979,NormalSleep
1727690428.153735,NormalSleep
1727690438.160161,NormalSleep
1727690448.167647,NormalSleep
1727690458.174287,NormalSleep
1727690468.180705,NormalSleep
1727690478.1873019,NormalSleep
1727690488.1951501,NormalSleep
1727690498.203537,NormalSleep
1727690508.2112699,NormalSleep
1727690518.21836,NormalSleep
1727690528.22509,NormalSleep
1727690538.23262,NormalSleep
1727690548.239308,NormalSleep
1727690558.2457469,NormalSleep
1727690568.252898,NormalSleep
1727690578.2604458,NormalSleep
1727690588.266794,NormalSleep
1727690598.273489,NormalSleep
1727690608.281051,NormalSleep
1727690618.2887502,NormalSleep
1727690628.295286,NormalSleep
1727690638.303541,NormalSleep
1727690648.311292,NormalSleep
1727690658.318856,NormalSleep
1727690668.3263948,NormalSleep
1727690678.332721,NormalSleep
1727690688.340563,NormalSleep
1727690698.348736,NormalSleep
1727690708.355744,NormalSleep
1727690718.363202,NormalSleep
1727690728.371087,NormalSleep
1727690738.3777401,NormalSleep
1727690748.386122,NormalSleep
1727690758.392967,NormalSleep
1727690768.39955,NormalSleep
1727690778.407385,NormalSleep
1727690788.415162,NormalSleep
1727690798.422903,NormalSleep
1727690808.4295611,NormalSleep
1727690818.437553,NormalSleep
1727690828.445268,NormalSleep
1727690838.453687,NormalSleep
1727690848.461495,NormalSleep
1727690858.469752,NormalSleep
1727690868.476608,NormalSleep
1727690878.48442,NormalSleep
1727690888.49229,NormalSleep
1727690898.5000682,NormalSleep
1727690908.5066822,NormalSleep
1727690918.513224,NormalSleep
1727690928.520009,NormalSleep
1727690938.5276952,NormalSleep
1727690948.5353558,NormalSleep
1727690958.543228,NormalSleep
1727690968.5507982,NormalSleep
1727690978.558539,NormalSleep
1727690988.565328,NormalSleep
1727690998.573092,NormalSleep
1727691008.580792,NormalSleep
1727691018.5875041,NormalSleep
1727691028.5943072,NormalSleep
1727691038.600608,NormalSleep
1727691048.6084201,NormalSleep
1727691058.616149,NormalSleep
1727691068.622632,NormalSleep
1727691078.630052,NormalSleep
1727691088.63655,NormalSleep
1727691098.643065,NormalSleep
1727691108.649765,NormalSleep
1727691118.6577191,NormalSleep
1727691128.6654,NormalSleep
1727691138.673223,NormalSleep
1727691148.6799428,NormalSleep
1727691158.6876311,NormalSleep
1727691168.695482,NormalSleep
1727691178.7041368,NormalSleep
1727691188.710785,NormalSleep
1727691198.7192268,NormalSleep
1727691208.726909,NormalSleep
1727691218.734449,NormalSleep
1727691228.7420769,NormalSleep
1727691238.749641,NormalSleep
1727691248.7573938,NormalSleep
1727691258.765059,NormalSleep
1727691268.7724109,NormalSleep
1727691278.780073,NormalSleep
1727691288.787564,NormalSleep
1727691298.795306,NormalSleep
1727691308.8034391,NormalSleep
1727691318.810405,NormalSleep
1727691328.817791,NormalSleep
1727691338.825442,NormalSleep
1727691348.83299,NormalSleep
1727691358.840769,NormalSleep
1727691368.8473861,NormalSleep
1727691378.855124,NormalSleep
1727691388.861611,NormalSleep
1727691398.868972,NormalSleep
1727691408.876564,ObstructiveApnea
1727691418.8840342,NormalSleep
1727691428.890574,NormalSleep
1727691438.8981729,NormalSleep
1727691448.9047282,NormalSleep
1727691458.912333,NormalSleep
1727691468.920415,NormalSleep
1727691478.9282198,NormalSleep
1727691488.9363048,NormalSleep
1727691498.942972,NormalSleep
1727691508.949263,NormalSleep
1727691518.9570858,NormalSleep
1727691528.964721,ObstructiveApnea
1727691538.972382,NormalSleep
1727691548.980005,NormalSleep
1727691558.9865322,NormalSleep
1727691568.993173,NormalSleep
1727691578.9997141,NormalSleep
1727691589.007583,NormalSleep
1727691599.01421,NormalSleep
1727691609.0207732,NormalSleep
1727691619.028459,NormalSleep
1727691629.036586,NormalSleep
1727691639.044318,NormalSleep
1727691649.051471,NormalSleep
1727691659.058887,NormalSleep
1727691669.066499,NormalSleep
1727691679.0742788,NormalSleep
1727691689.0818932,NormalSleep
1727691699.0895538,NormalSleep
1727691709.0971892,NormalSleep
1727691719.104949,NormalSleep
1727691729.111486,NormalSleep
1727691739.119637,NormalSleep
1727691749.1262898,NormalSleep
1727691759.133815,NormalSleep
1727691769.141537,NormalSleep
1727691779.1491048,NormalSleep
1727691789.155763,NormalSleep
1727691799.163404,NormalSleep
1727691809.170043,NormalSleep
1727691819.177768,NormalSleep
1727691829.184358,NormalSleep
1727691839.192086,NormalSleep
1727691849.198574,NormalSleep
1727691859.206392,NormalSleep
1727691869.21398,NormalSleep
1727691879.2204878,NormalSleep
1727691889.22838,NormalSleep
1727691899.2363899,NormalSleep
1727691909.244278,NormalSleep
1727691919.251806,NormalSleep
1727691929.258307,NormalSleep
1727691939.265954,NormalSleep
1727691949.273673,NormalSleep
1727691959.281298,NormalSleep
1727691969.289024,NormalSleep
1727691979.295439,NormalSleep
1727691989.3034902,NormalSleep
1727691999.3112252,NormalSleep
1727692009.32142,NormalSleep
1727692019.339444,ObstructiveApnea
1727692029.3489869,NormalSleep
1727692039.355784,NormalSleep
1727692049.3621671,NormalSleep
1727692059.370332,NormalSleep
1727692069.376967,NormalSleep
1727692079.384444,NormalSleep
1727692089.392168,NormalSleep
1727692099.398633,NormalSleep
1727692109.4064262,NormalSleep
1727692119.414201,NormalSleep
1727692129.421032,NormalSleep
1727692139.427746,NormalSleep
1727692149.4352078,NormalSleep
1727692159.442996,NormalSleep
1727692169.450649,NormalSleep
1727692179.458404,NormalSleep
1727692189.466064,NormalSleep
1727692199.472666,NormalSleep
1727692209.480405,NormalSleep
1727692219.48814,ObstructiveApnea
1727692229.4946802,NormalSleep
1727692239.501933,NormalSleep
1727692249.508265,NormalSleep
1727692259.5152159,NormalSleep
1727692269.522701,NormalSleep
1727692279.530509,NormalSleep
1727692289.538235,NormalSleep
1727692299.546009,NormalSleep
1727692309.552618,NormalSleep
1727692319.560286,NormalSleep
1727692329.5666869,NormalSleep
1727692339.573312,NormalSleep
1727692349.580086,NormalSleep
1727692359.5865521,NormalSleep
1727692369.5930712,NormalSleep
1727692379.600526,NormalSleep
1727692389.6071491,ObstructiveApnea
1727692399.613615,ObstructiveApnea
1727692409.6204102,NormalSleep
1727692419.627265,NormalSleep
1727692429.633612,NormalSleep
1727692439.6413472,NormalSleep
1727692449.648962,NormalSleep
1727692459.6567261,NormalSleep
1727692469.664431,NormalSleep
1727692479.670924,NormalSleep
1727692489.678533,NormalSleep
1727692499.686514,NormalSleep
1727692509.694273,NormalSleep
1727692519.702382,NormalSleep
1727692529.710098,NormalSleep
1727692539.71774,NormalSleep
1727692549.724281,NormalSleep
1727692559.730796,NormalSleep
1727692569.738501,NormalSleep
1727692579.7461581,NormalSleep
1727692589.7527812,ObstructiveApnea
1727692599.760447,NormalSleep
1727692609.766888,NormalSleep
1727692619.774719,NormalSleep
1727692629.782339,NormalSleep
1727692639.790072,NormalSleep
1727692649.7965372,NormalSleep
1727692659.803295,NormalSleep
1727692669.810854,NormalSleep
1727692679.817237,NormalSleep
1727692689.8250089,NormalSleep
1727692699.832766,NormalSleep
1727692709.840482,NormalSleep
1727692719.8480158,NormalSleep
1727692729.854517,NormalSleep
1727692739.862217,ObstructiveApnea
1727692749.87025,ObstructiveApnea
1727692759.876789,NormalSleep
1727692769.884313,NormalSleep
1727692779.892067,NormalSleep
1727692789.898653,NormalSleep
1727692799.90633,NormalSleep
1727692809.913963,NormalSleep
1727692819.920556,NormalSleep
1727692829.92836,NormalSleep
1727692839.935436,NormalSleep
1727692849.941806,NormalSleep
1727692859.948216,NormalSleep
1727692869.955748,NormalSleep
1727692879.962274,NormalSleep
1727692889.9703958,NormalSleep
1727692899.977004,ObstructiveApnea
1727692909.984402,NormalSleep
1727692919.992086,NormalSleep
1727692929.999698,NormalSleep
1727692940.007394,NormalSleep
1727692950.0150762,ObstructiveApnea
1727692960.022509,NormalSleep
1727692970.03016,NormalSleep
1727692980.037688,NormalSleep
1727692990.045248,NormalSleep
1727693000.053317,NormalSleep
1727693010.0610628,NormalSleep
1727693020.069225,NormalSleep
1727693030.076791,NormalSleep
1727693040.083155,NormalSleep
1727693050.0904682,NormalSleep
1727693060.0980558,NormalSleep
1727693070.104553,NormalSleep
1727693080.1118898,NormalSleep
1727693090.1187918,NormalSleep
1727693100.1264288,NormalSleep
1727693110.134065,NormalSleep
1727693120.140527,NormalSleep
1727693130.148252,NormalSleep
1727693140.155947,NormalSleep
1727693150.16354,NormalSleep
1727693160.17134,ObstructiveApnea
1727693170.17779,NormalSleep
1727693180.185794,NormalSleep
1727693190.193682,NormalSleep
1727693200.201298,NormalSleep
1727693210.2090812,NormalSleep
1727693220.216635,NormalSleep
1727693230.224395,NormalSleep
1727693240.230876,NormalSleep
1727693250.237479,NormalSleep
1727693260.245245,NormalSleep
1727693270.2527869,NormalSleep
1727693280.2604291,NormalSleep
1727693290.267951,ObstructiveApnea
1727693300.275719,ObstructiveApnea
1727693310.282184,NormalSleep
1727693320.289098,ObstructiveApnea
1727693330.296829,NormalSleep
1727693340.303574,NormalSleep
1727693350.311431,NormalSleep
1727693360.319577,NormalSleep
1727693370.327254,NormalSleep
1727693380.333846,NormalSleep
1727693390.340419,NormalSleep
1727693400.3480551,NormalSleep
1727693410.3558002,NormalSleep
1727693420.363463,ObstructiveApnea
1727693430.3700092,NormalSleep
1727693440.3765419,NormalSleep
1727693450.384187,NormalSleep
1727693460.390774,NormalSleep
1727693470.397244,NormalSleep
1727693480.404217,NormalSleep
1727693490.411924,NormalSleep
1727693500.4185228,NormalSleep
1727693510.4261498,NormalSleep
1727693520.433794,NormalSleep
1727693530.44155,NormalSleep
1727693540.4492218,NormalSleep
1727693550.455746,NormalSleep
1727693560.4633448,NormalSleep
1727693570.470902,NormalSleep
1727693580.477474,NormalSleep
1727693590.484067,NormalSleep
1727693600.491851,NormalSleep
1727693610.4995358,NormalSleep
1727693620.5072699,NormalSleep
1727693630.513961,NormalSleep
1727693640.5206459,NormalSleep
1727693650.527699,NormalSleep
1727693660.536,NormalSleep
1727693670.54268,NormalSleep
1727693680.5492961,NormalSleep
1727693690.556271,NormalSleep
1727693700.564068,NormalSleep
1727693710.571879,NormalSleep
1727693720.57861,NormalSleep
1727693730.58629,NormalSleep
1727693740.594154,NormalSleep
1727693750.602269,NormalSleep
1727693760.608688,ObstructiveApnea
1727693770.616404,ObstructiveApnea
1727693780.6239638,NormalSleep
1727693790.651711,NormalSleep
1727693800.6615539,NormalSleep
1727693810.6697652,NormalSleep
1727693820.677682,NormalSleep
1727693830.6853912,NormalSleep
1727693840.692992,NormalSleep
1727693850.69959,NormalSleep
1727693860.7073522,NormalSleep
1727693870.713744,NormalSleep
1727693880.721505,NormalSleep
1727693890.729262,NormalSleep
1727693900.7371478,NormalSleep
1727693910.745091,NormalSleep
1727693920.752409,NormalSleep
1727693930.7602592,NormalSleep
1727693940.76811,NormalSleep
1727693950.7747571,NormalSleep
1727693960.7819421,NormalSleep
1727693970.789133,NormalSleep
1727693980.7988951,NormalSleep
1727693990.80554,ObstructiveApnea
1727694000.812524,NormalSleep
1727694010.81939,NormalSleep
1727694020.826717,NormalSleep
1727694030.833654,NormalSleep
1727694040.840447,NormalSleep
1727694050.8481238,NormalSleep
1727694060.854663,NormalSleep
1727694070.8619268,NormalSleep
1727694080.8701801,NormalSleep
1727694090.878051,NormalSleep
1727694100.886573,NormalSleep
1727694110.894568,NormalSleep
1727694120.9017758,NormalSleep
1727694130.909473,NormalSleep
1727694140.91715,NormalSleep
1727694150.92503,NormalSleep
1727694160.932766,NormalSleep
1727694170.940585,NormalSleep
1727694180.948276,NormalSleep
1727694190.955988,NormalSleep
1727694200.962433,NormalSleep
1727694210.970905,NormalSleep
1727694220.978809,NormalSleep
1727694230.987175,NormalSleep
1727694240.995017,NormalSleep
1727694251.002675,NormalSleep
1727694261.009464,NormalSleep
1727694271.016235,NormalSleep
1727694281.0240462,NormalSleep
1727694291.031807,NormalSleep
1727694301.038391,NormalSleep
1727694311.0461812,NormalSleep
1727694321.052769,NormalSleep
1727694331.060534,NormalSleep
1727694341.068426,ObstructiveApnea
1727694351.076459,ObstructiveApnea
1727694361.084275,NormalSleep
1727694371.092065,NormalSleep
1727694381.098688,NormalSleep
1727694391.106632,NormalSleep
1727694401.113455,NormalSleep
1727694411.1212091,NormalSleep
1727694421.127987,NormalSleep
1727694431.135655,NormalSleep
1727694441.143305,NormalSleep
1727694451.150954,NormalSleep
1727694461.158711,NormalSleep
1727694471.166322,NormalSleep
1727694481.1741261,NormalSleep
1727694491.1824472,NormalSleep
1727694501.18909,NormalSleep
1727694511.195724,NormalSleep
1727694521.2026072,NormalSleep
1727694531.2102232,NormalSleep
1727694541.217855,NormalSleep
1727694551.2256541,NormalSleep
1727694561.233294,NormalSleep
1727694571.241059,ObstructiveApnea
1727694581.248684,NormalSleep
1727694591.256418,NormalSleep
1727694601.2641459,NormalSleep
1727694611.2706969,NormalSleep
1727694621.277397,NormalSleep
1727694631.284849,NormalSleep
1727694641.2927659,NormalSleep
1727694651.3005838,NormalSleep
1727694661.308461,NormalSleep
1727694671.314982,NormalSleep
1727694681.3216,NormalSleep
1727694691.3283331,NormalSleep
1727694701.3365061,NormalSleep
1727694711.3434901,NormalSleep
1727694721.351875,NormalSleep
1727694731.358617,NormalSleep
1727694741.3662488,NormalSleep
1727694751.374055,NormalSleep
1727694761.3807402,NormalSleep
1727694771.387288,NormalSleep
1727694781.394222,NormalSleep
1727694791.402205,NormalSleep
1727694801.409942,NormalSleep
1727694811.417519,NormalSleep
1727694821.425365,NormalSleep
1727694831.432039,NormalSleep
1727694841.43975,NormalSleep
1727694851.446167,NormalSleep
1727694861.454047,NormalSleep
1727694871.460809,NormalSleep
1727694881.4670532,NormalSleep
1727694891.474446,NormalSleep
1727694901.4821749,NormalSleep
1727694911.4899,NormalSleep
1727694921.4965792,NormalSleep
1727694931.504329,NormalSleep
1727694941.512264,NormalSleep
1727694951.52056,NormalSleep
1727694961.528605,NormalSleep
1727694971.53581,NormalSleep
1727694981.5426822,NormalSleep
1727694991.549311,NormalSleep
1727695001.557049,NormalSleep
1727695011.563456,NormalSleep
1727695021.570658,NormalSleep
1727695031.577379,NormalSleep
1727695041.585089,NormalSleep
1727695051.59169,NormalSleep
1727695061.598799,NormalSleep
1727695071.607189,NormalSleep
1727695081.615707,NormalSleep
1727695091.6226408,NormalSleep
1727695101.629863,NormalSleep
1727695111.6365042,NormalSleep
1727695121.6451461,NormalSleep
1727695131.652459,NormalSleep
1727695141.6603231,NormalSleep
1727695151.6668,NormalSleep
1727695161.673322,NormalSleep
1727695171.680141,NormalSleep
1727695181.6875038,NormalSleep
1727695191.6951098,NormalSleep
1727695201.702037,NormalSleep
1727695211.709594,NormalSleep
1727695221.71729,NormalSleep
1727695231.725018,NormalSleep
1727695241.7325912,NormalSleep
1727695251.739041,ObstructiveApnea
1727695261.746686,NormalSleep
1727695271.753301,NormalSleep
1727695281.759736,NormalSleep
1727695291.766277,NormalSleep
1727695301.774216,NormalSleep
1727695311.78058,NormalSleep
1727695321.788311,NormalSleep
1727695331.7958038,NormalSleep
1727695341.810455,NormalSleep
1727695351.82144,NormalSleep
1727695361.830132,NormalSleep
1727695371.839106,NormalSleep
1727695381.845709,NormalSleep
1727695391.85264,ObstructiveApnea
1727695401.860238,NormalSleep
1727695411.8666382,NormalSleep
